{
  "objectives": [
    "balanced",
    "worst_group"
  ],
  "description": "CORRECTED: Targeted rejection grid (0.0..0.8) with val-based hyperparameter selection per paper Algorithm 1",
  "method": "plug-in_balanced_val_selection",
  "hyperparameter_selection": "val_based",
  "algorithm": "Algorithm 1 from paper - optimize (\u03b1,\u03bc) on tunev, select \u03bc on val",
  "results_per_cost": [
    {
      "target_rejection": 0.0,
      "cost_val": 16.915771484375,
      "cost_test": 20.676738739013672,
      "alpha": [
        1.9400074333784052,
        0.05989496440190485
      ],
      "mu": [
        0.0,
        -5.0
      ],
      "selection_method": "val_based",
      "val_metrics": {
        "balanced_error": 0.523999640313118,
        "worst_group_error": 0.6889230777457406,
        "coverage": 1.0,
        "rejection_rate": 0.0,
        "group_errors": [
          0.3590762028804953,
          0.6889230777457406
        ]
      },
      "test_metrics": {
        "balanced_error": 0.521615202064579,
        "worst_group_error": 0.6868461556187981,
        "coverage": 1.0,
        "rejection_rate": 0.0,
        "group_errors": [
          0.3563842485103598,
          0.6868461556187981
        ]
      }
    },
    {
      "target_rejection": 0.1,
      "cost_val": 0.7456128001213074,
      "cost_test": 0.7568809986114502,
      "alpha": [
        1.795742448787221,
        0.0513260609687676
      ],
      "mu": [
        0.0,
        14.5
      ],
      "selection_method": "val_based",
      "val_metrics": {
        "balanced_error": 0.4908524834056464,
        "worst_group_error": 0.6574381765932676,
        "coverage": 0.9000000357627869,
        "rejection_rate": 0.09999996423721313,
        "group_errors": [
          0.3242667902180252,
          0.6574381765932676
        ]
      },
      "test_metrics": {
        "balanced_error": 0.4956201893387572,
        "worst_group_error": 0.6704225416736724,
        "coverage": 0.9000000357627869,
        "rejection_rate": 0.09999996423721313,
        "group_errors": [
          0.320817837003842,
          0.6704225416736724
        ]
      }
    },
    {
      "target_rejection": 0.2,
      "cost_val": 0.4852295517921448,
      "cost_test": 0.5135024785995483,
      "alpha": [
        1.6378171572225217,
        0.044499430360046374
      ],
      "mu": [
        0.0,
        20.0
      ],
      "selection_method": "val_based",
      "val_metrics": {
        "balanced_error": 0.46676229484207804,
        "worst_group_error": 0.6294289488154399,
        "coverage": 0.800000011920929,
        "rejection_rate": 0.19999998807907104,
        "group_errors": [
          0.3040956408687162,
          0.6294289488154399
        ]
      },
      "test_metrics": {
        "balanced_error": 0.46460240072698245,
        "worst_group_error": 0.6373375561773463,
        "coverage": 0.800000011920929,
        "rejection_rate": 0.19999998807907104,
        "group_errors": [
          0.2918672452766186,
          0.6373375561773463
        ]
      }
    },
    {
      "target_rejection": 0.3,
      "cost_val": 0.3485778570175171,
      "cost_test": 0.37922942638397217,
      "alpha": [
        1.520794952088476,
        0.03837564436150131
      ],
      "mu": [
        0.0,
        20.0
      ],
      "selection_method": "val_based",
      "val_metrics": {
        "balanced_error": 0.43565060132134714,
        "worst_group_error": 0.6013813563335522,
        "coverage": 0.7000000476837158,
        "rejection_rate": 0.2999999523162842,
        "group_errors": [
          0.2699198463091421,
          0.6013813563335522
        ]
      },
      "test_metrics": {
        "balanced_error": 0.42923796649610957,
        "worst_group_error": 0.6052508077645827,
        "coverage": 0.7000000476837158,
        "rejection_rate": 0.2999999523162842,
        "group_errors": [
          0.2532251252276364,
          0.6052508077645827
        ]
      }
    },
    {
      "target_rejection": 0.4,
      "cost_val": 0.19765138626098633,
      "cost_test": 0.207922101020813,
      "alpha": [
        1.3583718015886,
        0.03288072082967583
      ],
      "mu": [
        0.0,
        23.75
      ],
      "selection_method": "val_based",
      "val_metrics": {
        "balanced_error": 0.38904713605253843,
        "worst_group_error": 0.555304746072766,
        "coverage": 0.6000000238418579,
        "rejection_rate": 0.3999999761581421,
        "group_errors": [
          0.2227895260323108,
          0.555304746072766
        ]
      },
      "test_metrics": {
        "balanced_error": 0.3886828833099165,
        "worst_group_error": 0.5575006828543546,
        "coverage": 0.6000000238418579,
        "rejection_rate": 0.3999999761581421,
        "group_errors": [
          0.2198650837654784,
          0.5575006828543546
        ]
      }
    },
    {
      "target_rejection": 0.5,
      "cost_val": 0.15341484546661377,
      "cost_test": 0.16879522800445557,
      "alpha": [
        1.2879481460096125,
        0.021411432897413304
      ],
      "mu": [
        0.0,
        14.0
      ],
      "selection_method": "val_based",
      "val_metrics": {
        "balanced_error": 0.3361557356437302,
        "worst_group_error": 0.4957198302309747,
        "coverage": 0.5010000467300415,
        "rejection_rate": 0.4989999532699585,
        "group_errors": [
          0.17659164105648564,
          0.4957198302309747
        ]
      },
      "test_metrics": {
        "balanced_error": 0.34824643681702755,
        "worst_group_error": 0.5180722842260078,
        "coverage": 0.5001250505447388,
        "rejection_rate": 0.49987494945526123,
        "group_errors": [
          0.17842058940804725,
          0.5180722842260078
        ]
      }
    },
    {
      "target_rejection": 0.6,
      "cost_val": 0.047583580017089844,
      "cost_test": 0.05492043495178223,
      "alpha": [
        1.0625179146875174,
        0.016652042846664987
      ],
      "mu": [
        0.0,
        18.0
      ],
      "selection_method": "val_based",
      "val_metrics": {
        "balanced_error": 0.26608041130998933,
        "worst_group_error": 0.4011090610124097,
        "coverage": 0.4010000228881836,
        "rejection_rate": 0.5989999771118164,
        "group_errors": [
          0.13105176160756898,
          0.4011090610124097
        ]
      },
      "test_metrics": {
        "balanced_error": 0.28175086386479375,
        "worst_group_error": 0.41955460977222536,
        "coverage": 0.40012502670288086,
        "rejection_rate": 0.5998749732971191,
        "group_errors": [
          0.1439471179573621,
          0.41955460977222536
        ]
      }
    },
    {
      "target_rejection": 0.7,
      "cost_val": 0.011101007461547852,
      "cost_test": 0.010171175003051758,
      "alpha": [
        0.8432136353657849,
        0.012751951479336146
      ],
      "mu": [
        0.0,
        19.5
      ],
      "selection_method": "val_based",
      "val_metrics": {
        "balanced_error": 0.1950150890136806,
        "worst_group_error": 0.27836259184907425,
        "coverage": 0.30100002884864807,
        "rejection_rate": 0.6989999711513519,
        "group_errors": [
          0.1116675861782869,
          0.27836259184907425
        ]
      },
      "test_metrics": {
        "balanced_error": 0.21419220145680054,
        "worst_group_error": 0.31612638161558004,
        "coverage": 0.30012500286102295,
        "rejection_rate": 0.699874997138977,
        "group_errors": [
          0.11225802129802105,
          0.31612638161558004
        ]
      }
    },
    {
      "target_rejection": 0.8,
      "cost_val": 0.0008482933044433594,
      "cost_test": 0.0010347366333007812,
      "alpha": [
        0.5840669303138528,
        0.009223535821177693
      ],
      "mu": [
        0.0,
        20.75
      ],
      "selection_method": "val_based",
      "val_metrics": {
        "balanced_error": 0.1399841329696343,