{
  "description": "Worst-group plug-in via Algorithm 2 with inner CS plug-in (Algorithm 1). Mixture posterior from gating over 3 experts.",
  "experts": [
    "ce_baseline",
    "logitadjust_baseline",
    "balsoftmax_baseline"
  ],
  "target_rejections": [
    0.0,
    0.1,
    0.2,
    0.3,
    0.4,
    0.5,
    0.6,
    0.7,
    0.8,
    0.9
  ],
  "results_per_point": [
    {
      "target_rejection": 0.0,
      "beta": [
        0.7261455811433376,
        0.2738544188566623
      ],
      "alpha": [
        0.9689276176197459,
        0.03105609965131855
      ],
      "mu": [
        0.0,
        7.0
      ],
      "cost_test": 0.7990660667419434,
      "test_metrics": {
        "coverage": 0.9999884643554687,
        "balanced_error": 0.4675988859052084,
        "worst_group_error": 0.4829084319610397,
        "group_errors": [
          0.4829084319610397,
          0.45228933984937697
        ]
      }
    },
    {
      "target_rejection": 0.1,
      "beta": [
        0.7311869106669371,
        0.2688130893330629
      ],
      "alpha": [
        0.8676935537760376,
        0.0289060247624528
      ],
      "mu": [
        0.0,
        7.25
      ],
      "cost_test": 0.5544736385345459,
      "test_metrics": {
        "coverage": 0.913122314453125,
        "balanced_error": 0.43478339230160323,
        "worst_group_error": 0.44426366705340664,
        "group_errors": [
          0.44426366705340664,
          0.4253031175497998
        ]
      }
    },
    {
      "target_rejection": 0.2,
      "beta": [
        0.7410991359581813,
        0.25890086404181867
      ],
      "alpha": [
        0.776929321561195,
        0.026259664211043487
      ],
      "mu": [
        0.0,
        6.5
      ],
      "cost_test": 0.6984516382217407,
      "test_metrics": {
        "coverage": 0.8287452392578125,
        "balanced_error": 0.38679945009449823,
        "worst_group_error": 0.38699222324625715,
        "group_errors": [
          0.38699222324625715,
          0.3866066769427393
        ]
      }
    },
    {
      "target_rejection": 0.3,
      "beta": [
        0.6868495495039691,
        0.3131504504960308
      ],
      "alpha": [
        0.7021845724598768,
        0.021622688162796656
      ],
      "mu": [
        0.0,
        6.25
      ],
      "cost_test": 1.1827945709228516,
      "test_metrics": {
        "coverage": 0.7633009033203125,
        "balanced_error": 0.3470124848331805,
        "worst_group_error": 0.37636460898124346,
        "group_errors": [
          0.37636460898124346,
          0.31766036068511755
        ]
      }
    },
    {
      "target_rejection": 0.4,
      "beta": [
        0.6045062014500688,
        0.39549379854993116
      ],
      "alpha": [
        0.5826169985288266,
        0.021045052541278825
      ],
      "mu": [
        0.0,
        9.5
      ],
      "cost_test": 0.8266271352767944,
      "test_metrics": {
        "coverage": 0.6488441772460938,
        "balanced_error": 0.31769025184474864,
        "worst_group_error": 0.352903657947178,
        "group_errors": [
          0.352903657947178,
          0.2824768457423193
        ]
      }
    },
    {
      "target_rejection": 0.5,
      "beta": [
        0.7236656175982574,
        0.27633438240174263
      ],
      "alpha": [
        0.5250951786451019,
        0.017114060994449166
      ],
      "mu": [
        0.0,
        7.0
      ],
      "cost_test": 0.9447526931762695,
      "test_metrics": {
        "coverage": 0.5747994995117187,
        "balanced_error": 0.23936955402155635,
        "worst_group_error": 0.24240623388728846,
        "group_errors": [
          0.24240623388728846,
          0.23633287415582427
        ]
      }
    },
    {
      "target_rejection": 0.6,
      "beta": [
        0.7047751238504252,
        0.29522487614957477
      ],
      "alpha": [
        0.44733733529230546,
        0.014311226126309962
      ],
      "mu": [
        0.0,
        7.5
      ],
      "cost_test": 0.9784469604492188,
      "test_metrics": {
        "coverage": 0.47879598999023437,
        "balanced_error": 0.18968390424042925,
        "worst_group_error": 0.19548582385225474,
        "group_errors": [
          0.19548582385225474,
          0.18388198462860372
        ]
      }
    },
    {
      "target_rejection": 0.7,
      "beta": [
        0.7514961881419062,
        0.24850381185809378
      ],
      "alpha": [
        0.3934282635963286,
        0.008373884625202886
      ],
      "mu": [
        0.0,
        4.0
      ],
      "cost_test": 1.5148380994796753,
      "test_metrics": {
        "coverage": 0.4192207336425781,
        "balanced_error": 0.12684367216410591,
        "worst_group_error": 0.13660348492390875,
        "group_errors": [
          0.11708385940430308,
          0.13660348492390875
        ]
      }
    },
    {
      "target_rejection": 0.8,
      "beta": [
        0.7827888990979274,
        0.21721110090207266
      ],
      "alpha": [
        0.3017443524584899,
        0.006183006957033225
      ],
      "mu": [
        0.0,
        4.0
      ],
      "cost_test": 1.1506681442260742,
      "test_metrics": {
        "coverage": 0.31483935546875,
        "balanced_error": 0.056329212508170176,
        "worst_group_error": 0.06716650782039431,
        "group_errors": [
          0.04549191719594605,
          0.06716650782039431
        ]
      }
    },
    {
      "target_rejection": 0.9,
      "beta": [
        0.5315434499730877,
        0.46845655002691233
      ],
      "alpha": [
        0.1915319542508555,
        0.0027266216476744746
      ],
      "mu": [
        0.0,
        3.25
      ],
      "cost_test": 1.2807445526123047,
      "test_metrics": {
        "coverage": 0.19102517700195312,
        "balanced_error": 0.04508739354289858,
        "worst_group_error": 0.06777645874744155,
        "group_errors": [
          0.02239832833835561,
          0.06777645874744155
        ]
      }
    }
  ],
  "rc_curve": {
    "rejection_rates": [
      1.1535644531268652e-05,
      0.08687768554687503,
      0.17125476074218748,
      0.23669909667968747,
      0.3511558227539062,
      0.4252005004882813,
      0.5212040100097657,
      0.5807792663574218,
      0.6851606445312499,
      0.8089748229980469
    ],
    "worst_group_errors": [
      0.4829084319610397,
      0.44426366705340664,
      0.38699222324625715,
      0.37636460898124346,
      0.352903657947178,
      0.24240623388728846,
      0.19548582385225474,
      0.13660348492390875,
      0.06716650782039431,
      0.06777645874744155
    ],
    "balanced_errors": [
      0.4675988859052084,
      0.43478339230160323,
      0.38679945009449823,
      0.3470124848331805,
      0.31769025184474864,
      0.23936955402155635,
      0.18968390424042925,
      0.12684367216410591,
      0.056329212508170176,
      0.04508739354289858
    ],
    "tail_minus_head": [
      -0.03061909211166275,
      -0.018960549503606816,
      -0.00038554630351783636,
      -0.058704248296125916,
      -0.07042681220485869,
      -0.006073359731464195,
      -0.011603839223651019,
      0.019519625519605677,
      0.021674590624448258,
      0.04537813040908594
    ],
    "aurc_worst_group": 0.21399325243917264,
    "aurc_balanced": 0.2023922901696738
  }
}