{
  "variance_analysis": {
    "mean_delta_var_before": 0.0028022031765431166,
    "mean_delta_var_after": 0.001868135412223637,
    "mean_variance_reduction": 0.0009340676479041576,
    "median_variance_reduction": 0.0009658504859544337
  },
  "mi_analysis": {
    "mean_mi": 0.5042319893836975,
    "median_mi": 0.5877370238304138,
    "mean_expert_entropy": 1.159399390220642,
    "mean_mixture_entropy": 1.6636313199996948
  },
  "calibration": {
    "ce_baseline": {
      "ece": 0.40360838174819946,
      "nll": 4.209408760070801,
      "brier": 0.9399709105491638,
      "group_metrics": {
        "group_0": {
          "ece": 0.3071722388267517,
          "nll": 3.060518741607666,
          "brier": 0.7344270348548889
        },
        "group_1": {
          "ece": 0.6182566285133362,
          "nll": 6.76661491394043,
          "brier": 1.39747154712677
        }
      }
    },
    "logitadjust_baseline": {
      "ece": 0.10976145416498184,
      "nll": 2.0990941524505615,
      "brier": 0.6850912570953369,
      "group_metrics": {
        "group_0": {
          "ece": 0.07353734225034714,
          "nll": 1.843496322631836,
          "brier": 0.5889102220535278
        },
        "group_1": {
          "ece": 0.1903892159461975,
          "nll": 2.6680047512054443,
          "brier": 0.899171769618988
        }
      }
    },
    "balsoftmax_baseline": {
      "ece": 0.12954260408878326,
      "nll": 2.2364132404327393,
      "brier": 0.7108319997787476,
      "group_metrics": {
        "group_0": {
          "ece": 0.09062068909406662,
          "nll": 1.9921079874038696,
          "brier": 0.6142605543136597
        },
        "group_1": {
          "ece": 0.21617522835731506,
          "nll": 2.7801883220672607,
          "brier": 0.9257814288139343
        }
      }
    },
    "uniform_mix": {
      "ece": 0.10260504484176636,
      "nll": 1.6683540344238281,
      "brier": 0.5918179154396057,
      "group_metrics": {
        "group_0": {
          "ece": 0.14126130938529968,
          "nll": 1.2764025926589966,
          "brier": 0.4692964255809784
        },
        "group_1": {
          "ece": 0.10551194101572037,
          "nll": 2.540761947631836,
          "brier": 0.8645267486572266
        }
      }
    },
    "gating_mix": {
      "ece": 0.058210719376802444,
      "nll": 1.6530965566635132,
      "brier": 0.5858879685401917,
      "group_metrics": {
        "group_0": {
          "ece": 0.11327409744262695,
          "nll": 1.2700979709625244,
          "brier": 0.4654886722564697
        },
        "group_1": {
          "ece": 0.0936957448720932,
          "nll": 2.5055770874023438,
          "brier": 0.8538735508918762
        }
      }
    }
  },
  "oracle_comparison": {
    "oracle": {
      "acc": 0.6811250448226929,
      "group_accs": [
        0.7887681722640991,
        0.4415322542190552
      ],
      "ece": 0.03534974157810211,
      "nll": 1.0882707834243774,
      "brier": 0.4148043692111969
    },
    "uniform": {
      "acc": 0.5567499995231628,
      "group_accs": [
        0.6818841099739075,
        0.2782258093357086
      ],
      "ece": 0.10260504484176636,
      "nll": 1.6683540344238281,
      "brier": 0.5918179154396057
    },
    "gating": {
      "acc": 0.5588750243186951,
      "group_accs": [
        0.6751812100410461,
        0.29999998211860657
      ],
      "ece": 0.058210719376802444,
      "nll": 1.6530965566635132,
      "brier": 0.5858879685401917
    }
  },
  "gating_statistics": {
    "mean_entropy": 1.0759060382843018,
    "mean_effective_experts": 2.8725266456604004,
    "load_balance_std": 0.07545849680900574,
    "mean_weights": [
      0.26078975200653076,
      0.41140294075012207,
      0.32780739665031433
    ],
    "group_stats": {
      "group_0": {
        "mean_entropy": 1.0755914449691772,
        "mean_effective_experts": 2.8714051246643066,
        "mean_weights": [
          0.2594245970249176,
          0.4098275601863861,
          0.3307478427886963
        ]
      },
      "group_1": {
        "mean_entropy": 1.0766061544418335,
        "mean_effective_experts": 2.875023126602173,
        "mean_weights": [
          0.2638281583786011,
          0.41490939259529114,
          0.3212624192237854
        ]
      }
    }
  },
  "difficulty_correlations": {
    "expert_0": {
      "mi": -0.07934455573558807,
      "entropy": 0.5590471625328064,
      "margin": -0.5056606531143188,
      "difficulty": 0.10154248028993607
    },
    "expert_1": {
      "mi": 0.19684818387031555,
      "entropy": -0.006971518974751234,
      "margin": 0.007166486699134111,
      "difficulty": 0.0860932320356369
    },
    "expert_2": {
      "mi": -0.14100414514541626,
      "entropy": -0.4285222291946411,
      "margin": 0.38671332597732544,
      "difficulty": -0.16785457730293274
    }
  },
  "gating_fairness": {
    "group_weights": {
      "group_0": [
        0.2594245970249176,
        0.4098275601863861,
        0.3307478427886963
      ],
      "group_1": [
        0.2638281583786011,
        0.41490939259529114,
        0.3212624192237854
      ]
    },
    "specialization": {
      "expert_0": {
        "group_0": 0.2594245970249176,
        "group_1": 0.2638281583786011
      },
      "expert_1": {
        "group_0": 0.4098275601863861,
        "group_1": 0.41490939259529114
      },
      "expert_2": {
        "group_0": 0.3307478427886963,
        "group_1": 0.3212624192237854
      }
    }
  }
}