{
  "rejection_rates": [
    0.00012493133544921875,
    0.09999996423721313,
    0.19999998807907104,
    0.2999999523162842,
    0.3999999761581421,
    0.49987494945526123,
    0.5998749732971191,
    0.699874997138977,
    0.7998749911785126
  ],
  "balanced_errors": [
    0.5200311390488394,
    0.48365046978448345,
    0.44978097898436364,
    0.4317502899437904,
    0.36782754447741706,
    0.32723265710113475,
    0.29326169182345163,
    0.20295016409772054,
    0.12045698746157962
  ],
  "worst_group_errors": [
    0.6072074673915095,
    0.5814587540383428,
    0.5552763798773515,
    0.5661066243396934,
    0.4836736373479691,
    0.4536779304252221,
    0.430327782748177,
    0.30475714107754737,
    0.18012966265594865
  ],
  "head_errors": [
    0.0,
    0.0,
    0.0,
    0.0,
    0.0,
    0.0,
    0.0,
    0.0,
    0.0
  ],
  "tail_errors": [
    0.0,
    0.0,
    0.0,
    0.0,
    0.0,
    0.0,
    0.0,
    0.0,
    0.0
  ],
  "gap": [
    0.0,
    0.0,
    0.0,
    0.0,
    0.0,
    0.0,
    0.0,
    0.0,
    0.0
  ],
  "aurc_balanced": 0.2875636390594192,
  "aurc_worst": 0.3767618362849853
}